episode_return,episode_length,agent_returns,total_rewards,terminated,truncated,policy_name,algorithm,run_idx,run_seed,model_path,noise_std
0.4207163155078888,200,"[0.023612668737769127, -3.689754521474242e-05, 0.39717742800712585, -3.689754521474242e-05]","[0.0, -1.0, 0.0, -1.0]",False,True,llm,llm_policy,0,1,/home/dongmingwang/project/Expert_RL/lbf_llm/lbf_small.pt,0.1
0.2501227259635925,200,"[-5.534631782211363e-05, -5.534631782211363e-05, 0.2502887547016144, -5.534631782211363e-05]","[-1.5, -1.5, -0.5, -1.5]",False,True,llm,llm_policy,1,2,/home/dongmingwang/project/Expert_RL/lbf_llm/lbf_small.pt,0.1
0.3969756662845611,200,"[-3.689754521474242e-05, -3.689754521474242e-05, 0.34052473306655884, 0.05652472749352455]","[-1.0, -1.0, 0.0, 0.0]",False,True,llm,llm_policy,2,3,/home/dongmingwang/project/Expert_RL/lbf_llm/lbf_small.pt,0.1
0.1943612545728683,200,"[0.0007051032735034823, -1.844877260737121e-05, 0.19369304180145264, -1.844877260737121e-05]","[1.5, -0.5, 0.5, -0.5]",False,True,llm,llm_policy,3,4,/home/dongmingwang/project/Expert_RL/lbf_llm/lbf_small.pt,0.1
0.7768970727920532,200,"[0.35883209109306335, -1.844877260737121e-05, 0.41810187697410583, -1.844877260737121e-05]","[1.5, -0.5, 0.5, -0.5]",False,True,llm,llm_policy,4,5,/home/dongmingwang/project/Expert_RL/lbf_llm/lbf_small.pt,0.1
0.0807733386754989,200,"[0.08093936741352081, -5.534631782211363e-05, -5.534631782211363e-05, -5.534631782211363e-05]","[-0.5, -1.5, -1.5, -1.5]",False,True,llm,llm_policy,5,6,/home/dongmingwang/project/Expert_RL/lbf_llm/lbf_small.pt,0.1
0.4657816886901855,200,"[0.14235883951187134, -3.689754521474242e-05, 0.32349663972854614, -3.689754521474242e-05]","[0.0, -1.0, 0.0, -1.0]",False,True,llm,llm_policy,6,7,/home/dongmingwang/project/Expert_RL/lbf_llm/lbf_small.pt,0.1
0.2266876548528671,200,"[0.07690808176994324, -3.689754521474242e-05, 0.14985336363315582, -3.689754521474242e-05]","[0.0, -1.0, 0.0, -1.0]",False,True,llm,llm_policy,7,8,/home/dongmingwang/project/Expert_RL/lbf_llm/lbf_small.pt,0.1
0.3582645654678345,200,"[-5.534631782211363e-05, -5.534631782211363e-05, 0.3584305942058563, -5.534631782211363e-05]","[-1.5, -1.5, -0.5, -1.5]",False,True,llm,llm_policy,8,9,/home/dongmingwang/project/Expert_RL/lbf_llm/lbf_small.pt,0.1
0.4949177205562591,200,"[0.07690808176994324, -3.689754521474242e-05, 0.41808342933654785, -3.689754521474242e-05]","[0.0, -1.0, 0.0, -1.0]",False,True,llm,llm_policy,9,10,/home/dongmingwang/project/Expert_RL/lbf_llm/lbf_small.pt,0.1
-0.0002951803617179,200,"[-7.379509042948484e-05, -7.379509042948484e-05, -7.379509042948484e-05, -7.379509042948484e-05]","[-2.0, -2.0, -2.0, -2.0]",False,True,llm,llm_policy,10,11,/home/dongmingwang/project/Expert_RL/lbf_llm/lbf_small.pt,0.1
0.2110280841588974,200,"[0.007231959141790867, -3.689754521474242e-05, 0.20386992394924164, -3.689754521474242e-05]","[0.0, -1.0, 0.0, -1.0]",False,True,llm,llm_policy,11,12,/home/dongmingwang/project/Expert_RL/lbf_llm/lbf_small.pt,0.1
0.417898952960968,200,"[-5.534631782211363e-05, -5.534631782211363e-05, 0.41806498169898987, -5.534631782211363e-05]","[-1.5, -1.5, -0.5, -1.5]",False,True,llm,llm_policy,12,13,/home/dongmingwang/project/Expert_RL/lbf_llm/lbf_small.pt,0.1
-0.0002951803617179,200,"[-7.379509042948484e-05, -7.379509042948484e-05, -7.379509042948484e-05, -7.379509042948484e-05]","[-2.0, -2.0, -2.0, -2.0]",False,True,llm,llm_policy,13,14,/home/dongmingwang/project/Expert_RL/lbf_llm/lbf_small.pt,0.1
0.7172626256942749,200,"[0.35883209109306335, -1.844877260737121e-05, 0.3584674894809723, -1.844877260737121e-05]","[1.5, -0.5, 0.5, -0.5]",False,True,llm,llm_policy,14,15,/home/dongmingwang/project/Expert_RL/lbf_llm/lbf_small.pt,0.1
-0.0002951803617179,200,"[-7.379509042948484e-05, -7.379509042948484e-05, -7.379509042948484e-05, -7.379509042948484e-05]","[-2.0, -2.0, -2.0, -2.0]",False,True,llm,llm_policy,15,16,/home/dongmingwang/project/Expert_RL/lbf_llm/lbf_small.pt,0.1
0.5432894229888916,200,"[0.16604648530483246, -3.689754521474242e-05, 0.3773167133331299, -3.689754521474242e-05]","[0.0, -1.0, 0.0, -1.0]",False,True,llm,llm_policy,16,17,/home/dongmingwang/project/Expert_RL/lbf_llm/lbf_small.pt,0.1
0.37713223695755,200,"[-5.534631782211363e-05, -5.534631782211363e-05, 0.3772982656955719, -5.534631782211363e-05]","[-1.5, -1.5, -0.5, -1.5]",False,True,llm,llm_policy,17,18,/home/dongmingwang/project/Expert_RL/lbf_llm/lbf_small.pt,0.1
-0.0002951803617179,200,"[-7.379509042948484e-05, -7.379509042948484e-05, -7.379509042948484e-05, -7.379509042948484e-05]","[-2.0, -2.0, -2.0, -2.0]",False,True,llm,llm_policy,18,19,/home/dongmingwang/project/Expert_RL/lbf_llm/lbf_small.pt,0.1
0.3233121633529663,200,"[-5.534631782211363e-05, -5.534631782211363e-05, 0.32347819209098816, -5.534631782211363e-05]","[-1.5, -1.5, -0.5, -1.5]",False,True,llm,llm_policy,19,20,/home/dongmingwang/project/Expert_RL/lbf_llm/lbf_small.pt,0.1
0.3071354925632477,200,"[-5.534631782211363e-05, -5.534631782211363e-05, 0.30730152130126953, -5.534631782211363e-05]","[-1.5, -1.5, -0.5, -1.5]",False,True,llm,llm_policy,20,21,/home/dongmingwang/project/Expert_RL/lbf_llm/lbf_small.pt,0.1
0.2652879953384399,200,"[0.0018785921856760979, -3.689754521474242e-05, 0.2634831964969635, -3.689754521474242e-05]","[0.0, -1.0, 0.0, -1.0]",False,True,llm,llm_policy,21,22,/home/dongmingwang/project/Expert_RL/lbf_llm/lbf_small.pt,0.1
0.3582645654678345,200,"[-5.534631782211363e-05, -5.534631782211363e-05, 0.3584305942058563, -5.534631782211363e-05]","[-1.5, -1.5, -0.5, -1.5]",False,True,llm,llm_policy,22,23,/home/dongmingwang/project/Expert_RL/lbf_llm/lbf_small.pt,0.1
0.3071354925632477,200,"[-5.534631782211363e-05, -5.534631782211363e-05, 0.30730152130126953, -5.534631782211363e-05]","[-1.5, -1.5, -0.5, -1.5]",False,True,llm,llm_policy,23,24,/home/dongmingwang/project/Expert_RL/lbf_llm/lbf_small.pt,0.1
0.340340256690979,200,"[-5.534631782211363e-05, -5.534631782211363e-05, 0.34050628542900085, -5.534631782211363e-05]","[-1.5, -1.5, -0.5, -1.5]",False,True,llm,llm_policy,24,25,/home/dongmingwang/project/Expert_RL/lbf_llm/lbf_small.pt,0.1
0.4405364692211151,200,"[0.022471489384770393, -1.844877260737121e-05, 0.41810187697410583, -1.844877260737121e-05]","[1.5, -0.5, 0.5, -0.5]",False,True,llm,llm_policy,25,26,/home/dongmingwang/project/Expert_RL/lbf_llm/lbf_small.pt,0.1
0.4933800101280212,200,"[-1.844877260737121e-05, -1.844877260737121e-05, 0.37733516097068787, 0.11608172953128815]","[-0.5, -0.5, 0.5, 1.5]",False,True,llm,llm_policy,26,27,/home/dongmingwang/project/Expert_RL/lbf_llm/lbf_small.pt,0.1
0.3233121633529663,200,"[-5.534631782211363e-05, -5.534631782211363e-05, 0.32347819209098816, -5.534631782211363e-05]","[-1.5, -1.5, -0.5, -1.5]",False,True,llm,llm_policy,27,28,/home/dongmingwang/project/Expert_RL/lbf_llm/lbf_small.pt,0.1
-0.0002951803617179,200,"[-7.379509042948484e-05, -7.379509042948484e-05, -7.379509042948484e-05, -7.379509042948484e-05]","[-2.0, -2.0, -2.0, -2.0]",False,True,llm,llm_policy,28,29,/home/dongmingwang/project/Expert_RL/lbf_llm/lbf_small.pt,0.1
0.5281558632850647,200,"[0.11014621704816818, -3.689754521474242e-05, 0.41808342933654785, -3.689754521474242e-05]","[0.0, -1.0, 0.0, -1.0]",False,True,llm,llm_policy,29,30,/home/dongmingwang/project/Expert_RL/lbf_llm/lbf_small.pt,0.1
0.4997048196382821,200,"[0.4999262049095705, 0.4999262049095705, 0.4999262049095705, 0.4999262049095705]","[-2.0, -2.0, -2.0, -2.0]",False,True,llm_expert,mapg_llm_expert,0,1,/home/dongmingwang/project/Expert_RL/mapg_expert_rl/results/run_69/models,0.1
1.8226313591003418,200,"[0.49998155122739263, 1.822686791419983, 0.49998155122739263, 0.49998155122739263]","[-0.5, 2.5, -0.5, -0.5]",False,True,llm_expert,mapg_llm_expert,1,2,/home/dongmingwang/project/Expert_RL/mapg_expert_rl/results/run_69/models,0.1
1.938698649406433,200,"[0.49998155122739263, 1.9387540817260742, 0.49998155122739263, 0.49998155122739263]","[-0.5, 2.5, -0.5, -0.5]",False,True,llm_expert,mapg_llm_expert,2,3,/home/dongmingwang/project/Expert_RL/mapg_expert_rl/results/run_69/models,0.1
1.2376283407211304,200,"[0.49996310245478526, 1.2377390265464783, 0.49996310245478526, 0.49996310245478526]","[-1.0, 1.0, -1.0, -1.0]",False,True,llm_expert,mapg_llm_expert,3,4,/home/dongmingwang/project/Expert_RL/mapg_expert_rl/results/run_69/models,0.1
0.5246728938072919,200,"[0.4999446536821779, 0.5248389337211847, 0.4999446536821779, 0.4999446536821779]","[-1.5, -0.5, -1.5, -1.5]",False,True,llm_expert,mapg_llm_expert,4,5,/home/dongmingwang/project/Expert_RL/mapg_expert_rl/results/run_69/models,0.1
1.3340086340904236,200,"[0.49996310245478526, 1.3341193199157715, 0.49996310245478526, 0.49996310245478526]","[-1.0, 1.0, -1.0, -1.0]",False,True,llm_expert,mapg_llm_expert,5,6,/home/dongmingwang/project/Expert_RL/mapg_expert_rl/results/run_69/models,0.1
0.4997048196382821,200,"[0.4999262049095705, 0.4999262049095705, 0.4999262049095705, 0.4999262049095705]","[-2.0, -2.0, -2.0, -2.0]",False,True,llm_expert,mapg_llm_expert,6,7,/home/dongmingwang/project/Expert_RL/mapg_expert_rl/results/run_69/models,0.1
1.4550268650054932,200,"[0.49998155122739263, 1.4550822973251343, 0.49998155122739263, 0.49998155122739263]","[-0.5, 2.5, -0.5, -0.5]",False,True,llm_expert,mapg_llm_expert,7,8,/home/dongmingwang/project/Expert_RL/mapg_expert_rl/results/run_69/models,0.1
2.0757510662078857,200,"[0.49998155122739263, 2.075806498527527, 0.49998155122739263, 0.49998155122739263]","[-0.5, 2.5, -0.5, -0.5]",False,True,llm_expert,mapg_llm_expert,8,9,/home/dongmingwang/project/Expert_RL/mapg_expert_rl/results/run_69/models,0.1
0.4997048196382821,200,"[0.4999262049095705, 0.4999262049095705, 0.4999262049095705, 0.4999262049095705]","[-2.0, -2.0, -2.0, -2.0]",False,True,llm_expert,mapg_llm_expert,9,10,/home/dongmingwang/project/Expert_RL/mapg_expert_rl/results/run_69/models,0.1
1.419638216495514,95,"[0.5, 1.2455006837844849, 0.6660833805799484, 0.5080541344359517]","[0.0, 2.0, 1.0, 1.0]",True,False,llm_expert,mapg_llm_expert,10,11,/home/dongmingwang/project/Expert_RL/mapg_expert_rl/results/run_69/models,0.1
0.5957522541284561,200,"[0.5809578150510788, 0.49996310245478526, 0.49996310245478526, 0.5148682286962867]","[0.0, -1.0, -1.0, 0.0]",False,True,llm_expert,mapg_llm_expert,11,12,/home/dongmingwang/project/Expert_RL/mapg_expert_rl/results/run_69/models,0.1
0.536499734967947,200,"[0.49996310245478526, 0.49996310245478526, 0.49996310245478526, 0.5366104282438755]","[-1.0, -1.0, -1.0, 1.0]",False,True,llm_expert,mapg_llm_expert,12,13,/home/dongmingwang/project/Expert_RL/mapg_expert_rl/results/run_69/models,0.1
0.5082566505298018,200,"[0.4999446536821779, 0.5084226904436946, 0.4999446536821779, 0.4999446536821779]","[-1.5, -0.5, -1.5, -1.5]",False,True,llm_expert,mapg_llm_expert,13,14,/home/dongmingwang/project/Expert_RL/mapg_expert_rl/results/run_69/models,0.1
0.5054031182080507,200,"[0.4999446536821779, 0.5055691567249596, 0.4999446536821779, 0.4999446536821779]","[-1.5, -0.5, -1.5, -1.5]",False,True,llm_expert,mapg_llm_expert,14,15,/home/dongmingwang/project/Expert_RL/mapg_expert_rl/results/run_69/models,0.1
1.667389154434204,200,"[0.49996310245478526, 1.6675000190734863, 0.49996310245478526, 0.49996310245478526]","[-1.0, 1.0, -1.0, -1.0]",False,True,llm_expert,mapg_llm_expert,15,16,/home/dongmingwang/project/Expert_RL/mapg_expert_rl/results/run_69/models,0.1
0.5047177653759717,200,"[0.49996310245478526, 0.49996310245478526, 0.49996310245478526, 0.504828458186239]","[-1.0, -1.0, -1.0, 1.0]",False,True,llm_expert,mapg_llm_expert,16,17,/home/dongmingwang/project/Expert_RL/mapg_expert_rl/results/run_69/models,0.1
1.4461594820022583,200,"[0.49998155122739263, 1.4461352229118347, 0.49998155122739263, 0.5000611934519839]","[-0.5, 1.5, -0.5, 0.5]",False,True,llm_expert,mapg_llm_expert,17,18,/home/dongmingwang/project/Expert_RL/mapg_expert_rl/results/run_69/models,0.1
1.4220908284187317,200,"[0.49996310245478526, 1.4222015142440796, 0.49996310245478526, 0.49996310245478526]","[-1.0, 1.0, -1.0, -1.0]",False,True,llm_expert,mapg_llm_expert,18,19,/home/dongmingwang/project/Expert_RL/mapg_expert_rl/results/run_69/models,0.1
0.5384389087557792,200,"[0.49998155122739263, 0.5305451955646276, 0.49998155122739263, 0.5079306112602353]","[-0.5, 0.5, -0.5, 1.5]",False,True,llm_expert,mapg_llm_expert,19,20,/home/dongmingwang/project/Expert_RL/mapg_expert_rl/results/run_69/models,0.1
1.0131205916404724,200,"[0.4999446536821779, 1.0132867097854614, 0.4999446536821779, 0.4999446536821779]","[-1.5, -0.5, -1.5, -1.5]",False,True,llm_expert,mapg_llm_expert,20,21,/home/dongmingwang/project/Expert_RL/mapg_expert_rl/results/run_69/models,0.1
0.4997048196382821,200,"[0.4999262049095705, 0.4999262049095705, 0.4999262049095705, 0.4999262049095705]","[-2.0, -2.0, -2.0, -2.0]",False,True,llm_expert,mapg_llm_expert,21,22,/home/dongmingwang/project/Expert_RL/mapg_expert_rl/results/run_69/models,0.1
0.9415861368179321,200,"[0.49996310245478526, 0.94169682264328, 0.49996310245478526, 0.49996310245478526]","[-1.0, 1.0, -1.0, -1.0]",False,True,llm_expert,mapg_llm_expert,22,23,/home/dongmingwang/project/Expert_RL/mapg_expert_rl/results/run_69/models,0.1
1.241506278514862,200,"[1.24161696434021, 0.49996310245478526, 0.49996310245478526, 0.49996310245478526]","[1.0, -1.0, -1.0, -1.0]",False,True,llm_expert,mapg_llm_expert,23,24,/home/dongmingwang/project/Expert_RL/mapg_expert_rl/results/run_69/models,0.1
0.558506190776825,200,"[0.5585615336894989, 0.49998155122739263, 0.49998155122739263, 0.49998155122739263]","[2.5, -0.5, -0.5, -0.5]",False,True,llm_expert,mapg_llm_expert,24,25,/home/dongmingwang/project/Expert_RL/mapg_expert_rl/results/run_69/models,0.1
1.5535542964935305,200,"[0.49996310245478526, 1.5536651611328125, 0.49996310245478526, 0.49996310245478526]","[-1.0, 1.0, -1.0, -1.0]",False,True,llm_expert,mapg_llm_expert,25,26,/home/dongmingwang/project/Expert_RL/mapg_expert_rl/results/run_69/models,0.1
1.1625510454177856,200,"[0.49998155122739263, 1.1626064777374268, 0.49998155122739263, 0.49998155122739263]","[-0.5, 2.5, -0.5, -0.5]",False,True,llm_expert,mapg_llm_expert,26,27,/home/dongmingwang/project/Expert_RL/mapg_expert_rl/results/run_69/models,0.1
0.5006541296606883,200,"[0.49996310245478526, 0.49996310245478526, 0.49996310245478526, 0.5007648222963326]","[-1.0, -1.0, -1.0, 1.0]",False,True,llm_expert,mapg_llm_expert,27,28,/home/dongmingwang/project/Expert_RL/mapg_expert_rl/results/run_69/models,0.1
0.5273623038083314,200,"[0.4999446536821779, 0.5275283437222242, 0.4999446536821779, 0.4999446536821779]","[-1.5, -0.5, -1.5, -1.5]",False,True,llm_expert,mapg_llm_expert,28,29,/home/dongmingwang/project/Expert_RL/mapg_expert_rl/results/run_69/models,0.1
2.0093876123428345,200,"[0.5005702901398763, 2.0088542699813843, 0.49998155122739263, 0.49998155122739263]","[0.5, 1.5, -0.5, -0.5]",False,True,llm_expert,mapg_llm_expert,29,30,/home/dongmingwang/project/Expert_RL/mapg_expert_rl/results/run_69/models,0.1
1.3367595672607422,200,"[-1.4759018085896969e-05, 1.336803913116455, -1.4759018085896969e-05, -1.4759018085896969e-05]","[-0.4, 2.0, -0.4, -0.4]",False,True,no_expert,mapg_no_expert,0,1,/home/dongmingwang/project/Expert_RL/mapg_expert_rl/results/run_9/models,0.1
1.4485671997070313,200,"[-1.4759018085896969e-05, 1.4486115455627442, -1.4759018085896969e-05, -1.4759018085896969e-05]","[-0.4, 2.0, -0.4, -0.4]",False,True,no_expert,mapg_no_expert,1,2,/home/dongmingwang/project/Expert_RL/mapg_expert_rl/results/run_9/models,0.1
1.557359313964844,200,"[-1.4759018085896969e-05, 1.5574036598205567, -1.4759018085896969e-05, -1.4759018085896969e-05]","[-0.4, 2.0, -0.4, -0.4]",False,True,no_expert,mapg_no_expert,2,3,/home/dongmingwang/project/Expert_RL/mapg_expert_rl/results/run_9/models,0.1
1.7080791473388672,200,"[-1.4759018085896969e-05, 1.7081232070922852, -1.4759018085896969e-05, -1.4759018085896969e-05]","[-0.4, 2.0, -0.4, -0.4]",False,True,no_expert,mapg_no_expert,3,4,/home/dongmingwang/project/Expert_RL/mapg_expert_rl/results/run_9/models,0.1
1.3761358261108398,200,"[-1.4759018085896969e-05, 1.3761801719665527, -1.4759018085896969e-05, -1.4759018085896969e-05]","[-0.4, 2.0, -0.4, -0.4]",False,True,no_expert,mapg_no_expert,4,5,/home/dongmingwang/project/Expert_RL/mapg_expert_rl/results/run_9/models,0.1
1.6607109069824224,200,"[-1.4759018085896969e-05, 1.6607549667358399, -1.4759018085896969e-05, -1.4759018085896969e-05]","[-0.4, 2.0, -0.4, -0.4]",False,True,no_expert,mapg_no_expert,5,6,/home/dongmingwang/project/Expert_RL/mapg_expert_rl/results/run_9/models,0.1
1.583331298828125,200,"[-1.4759018085896969e-05, 1.583375644683838, -1.4759018085896969e-05, -1.4759018085896969e-05]","[-0.4, 2.0, -0.4, -0.4]",False,True,no_expert,mapg_no_expert,6,7,/home/dongmingwang/project/Expert_RL/mapg_expert_rl/results/run_9/models,0.1
1.5197998046875,200,"[-1.4759018085896969e-05, 1.519844150543213, -1.4759018085896969e-05, -1.4759018085896969e-05]","[-0.4, 2.0, -0.4, -0.4]",False,True,no_expert,mapg_no_expert,7,8,/home/dongmingwang/project/Expert_RL/mapg_expert_rl/results/run_9/models,0.1
1.7275861740112306,200,"[-1.4759018085896969e-05, 1.7276302337646485, -1.4759018085896969e-05, -1.4759018085896969e-05]","[-0.4, 2.0, -0.4, -0.4]",False,True,no_expert,mapg_no_expert,8,9,/home/dongmingwang/project/Expert_RL/mapg_expert_rl/results/run_9/models,0.1
1.6412038803100584,200,"[-1.4759018085896969e-05, 1.6412479400634767, -1.4759018085896969e-05, -1.4759018085896969e-05]","[-0.4, 2.0, -0.4, -0.4]",False,True,no_expert,mapg_no_expert,9,10,/home/dongmingwang/project/Expert_RL/mapg_expert_rl/results/run_9/models,0.1
1.6226722717285158,200,"[-1.4759018085896969e-05, 1.6227163314819337, -1.4759018085896969e-05, -1.4759018085896969e-05]","[-0.4, 2.0, -0.4, -0.4]",False,True,no_expert,mapg_no_expert,10,11,/home/dongmingwang/project/Expert_RL/mapg_expert_rl/results/run_9/models,0.1
1.3912300109863283,200,"[-1.4759018085896969e-05, 1.3912743568420411, -1.4759018085896969e-05, -1.4759018085896969e-05]","[-0.4, 2.0, -0.4, -0.4]",False,True,no_expert,mapg_no_expert,11,12,/home/dongmingwang/project/Expert_RL/mapg_expert_rl/results/run_9/models,0.1
1.4438070297241214,200,"[0.23357646465301515, 1.2102601051330568, -1.4759018085896969e-05, -1.4759018085896969e-05]","[0.4, 1.2000000000000002, -0.4, -0.4]",False,True,no_expert,mapg_no_expert,12,13,/home/dongmingwang/project/Expert_RL/mapg_expert_rl/results/run_9/models,0.1
1.1965333938598632,200,"[-1.4759018085896969e-05, 1.1965777397155761, -1.4759018085896969e-05, -1.4759018085896969e-05]","[-0.4, 2.0, -0.4, -0.4]",False,True,no_expert,mapg_no_expert,13,14,/home/dongmingwang/project/Expert_RL/mapg_expert_rl/results/run_9/models,0.1
1.7080791473388672,200,"[-1.4759018085896969e-05, 1.7081232070922852, -1.4759018085896969e-05, -1.4759018085896969e-05]","[-0.4, 2.0, -0.4, -0.4]",False,True,no_expert,mapg_no_expert,14,15,/home/dongmingwang/project/Expert_RL/mapg_expert_rl/results/run_9/models,0.1
1.4055110931396484,200,"[-1.4759018085896969e-05, 1.4055554389953615, -1.4759018085896969e-05, -1.4759018085896969e-05]","[-0.4, 2.0, -0.4, -0.4]",False,True,no_expert,mapg_no_expert,15,16,/home/dongmingwang/project/Expert_RL/mapg_expert_rl/results/run_9/models,0.1
1.1017293930053713,200,"[0.2588120698928833, 0.8429469108581543, -1.4759018085896969e-05, -1.4759018085896969e-05]","[0.4, 1.2000000000000002, -0.4, -0.4]",False,True,no_expert,mapg_no_expert,16,17,/home/dongmingwang/project/Expert_RL/mapg_expert_rl/results/run_9/models,0.1
1.5415353775024416,200,"[-1.4759018085896969e-05, 1.5415797233581543, -1.4759018085896969e-05, -1.4759018085896969e-05]","[-0.4, 2.0, -0.4, -0.4]",False,True,no_expert,mapg_no_expert,17,18,/home/dongmingwang/project/Expert_RL/mapg_expert_rl/results/run_9/models,0.1
1.6098955154418946,200,"[-1.4759018085896969e-05, 1.6099395751953125, -1.4759018085896969e-05, -1.4759018085896969e-05]","[-0.4, 2.0, -0.4, -0.4]",False,True,no_expert,mapg_no_expert,18,19,/home/dongmingwang/project/Expert_RL/mapg_expert_rl/results/run_9/models,0.1
1.3435688018798828,200,"[0.3901252269744873, 0.9534730911254883, -1.4759018085896969e-05, -1.4759018085896969e-05]","[0.4, 1.2000000000000002, -0.4, -0.4]",False,True,no_expert,mapg_no_expert,19,20,/home/dongmingwang/project/Expert_RL/mapg_expert_rl/results/run_9/models,0.1
1.7275861740112306,200,"[-1.4759018085896969e-05, 1.7276302337646485, -1.4759018085896969e-05, -1.4759018085896969e-05]","[-0.4, 2.0, -0.4, -0.4]",False,True,no_expert,mapg_no_expert,20,21,/home/dongmingwang/project/Expert_RL/mapg_expert_rl/results/run_9/models,0.1
1.5593574523925784,200,"[-1.4759018085896969e-05, 1.559401798248291, -1.4759018085896969e-05, -1.4759018085896969e-05]","[-0.4, 2.0, -0.4, -0.4]",False,True,no_expert,mapg_no_expert,21,22,/home/dongmingwang/project/Expert_RL/mapg_expert_rl/results/run_9/models,0.1
1.5415353775024416,200,"[-1.4759018085896969e-05, 1.5415797233581543, -1.4759018085896969e-05, -1.4759018085896969e-05]","[-0.4, 2.0, -0.4, -0.4]",False,True,no_expert,mapg_no_expert,22,23,/home/dongmingwang/project/Expert_RL/mapg_expert_rl/results/run_9/models,0.1
1.4289506912231449,200,"[-1.4759018085896969e-05, 1.4289950370788576, -1.4759018085896969e-05, -1.4759018085896969e-05]","[-0.4, 2.0, -0.4, -0.4]",False,True,no_expert,mapg_no_expert,23,24,/home/dongmingwang/project/Expert_RL/mapg_expert_rl/results/run_9/models,0.1
1.4658658981323243,200,"[-1.4759018085896969e-05, 1.4659102439880372, -1.4759018085896969e-05, -1.4759018085896969e-05]","[-0.4, 2.0, -0.4, -0.4]",False,True,no_expert,mapg_no_expert,24,25,/home/dongmingwang/project/Expert_RL/mapg_expert_rl/results/run_9/models,0.1
1.605067253112793,200,"[-1.4759018085896969e-05, 1.6051113128662111, -1.4759018085896969e-05, -1.4759018085896969e-05]","[-0.4, 2.0, -0.4, -0.4]",False,True,no_expert,mapg_no_expert,25,26,/home/dongmingwang/project/Expert_RL/mapg_expert_rl/results/run_9/models,0.1
1.1912289619445802,200,"[-1.4759018085896969e-05, 0.8735018730163575, 0.3177567005157471, -1.4759018085896969e-05]","[-0.4, 1.2000000000000002, 0.4, -0.4]",False,True,no_expert,mapg_no_expert,26,27,/home/dongmingwang/project/Expert_RL/mapg_expert_rl/results/run_9/models,0.1
1.2888383865356445,200,"[0.35208656787872317, 0.9367814064025879, -1.4759018085896969e-05, -1.4759018085896969e-05]","[0.4, 1.2000000000000002, -0.4, -0.4]",False,True,no_expert,mapg_no_expert,27,28,/home/dongmingwang/project/Expert_RL/mapg_expert_rl/results/run_9/models,0.1
1.572453498840332,200,"[-1.4759018085896969e-05, 1.572497844696045, -1.4759018085896969e-05, -1.4759018085896969e-05]","[-0.4, 2.0, -0.4, -0.4]",False,True,no_expert,mapg_no_expert,28,29,/home/dongmingwang/project/Expert_RL/mapg_expert_rl/results/run_9/models,0.1
1.508922004699707,200,"[0.30186812877655034, 1.2070834159851076, -1.4759018085896969e-05, -1.4759018085896969e-05]","[0.4, 1.2000000000000002, -0.4, -0.4]",False,True,no_expert,mapg_no_expert,29,30,/home/dongmingwang/project/Expert_RL/mapg_expert_rl/results/run_9/models,0.1
1.291767656803131,200,"[1.291933685541153, 0.9999446536821779, 0.9999446536821779, 0.9999446536821779]","[-0.5, -1.5, -1.5, -1.5]",False,True,ep250,mapg_ep250,0,1,/home/dongmingwang/project/Expert_RL/mapg_expert_rl/results/run_49/models,0.1
1.6754884719848633,200,"[1.6755991578102112, 0.9999631024547853, 0.9999631024547853, 0.9999631024547853]","[1.0, -1.0, -1.0, -1.0]",False,True,ep250,mapg_ep250,1,2,/home/dongmingwang/project/Expert_RL/mapg_expert_rl/results/run_49/models,0.1
0.9997048196382821,200,"[0.9999262049095705, 0.9999262049095705, 0.9999262049095705, 0.9999262049095705]","[-2.0, -2.0, -2.0, -2.0]",False,True,ep250,mapg_ep250,2,3,/home/dongmingwang/project/Expert_RL/mapg_expert_rl/results/run_49/models,0.1
0.9997048196382821,200,"[0.9999262049095705, 0.9999262049095705, 0.9999262049095705, 0.9999262049095705]","[-2.0, -2.0, -2.0, -2.0]",False,True,ep250,mapg_ep250,3,4,/home/dongmingwang/project/Expert_RL/mapg_expert_rl/results/run_49/models,0.1
0.9997048196382821,200,"[0.9999262049095705, 0.9999262049095705, 0.9999262049095705, 0.9999262049095705]","[-2.0, -2.0, -2.0, -2.0]",False,True,ep250,mapg_ep250,4,5,/home/dongmingwang/project/Expert_RL/mapg_expert_rl/results/run_49/models,0.1
1.0011162727605551,200,"[0.9999446536821779, 1.00128231162671, 0.9999446536821779, 0.9999446536821779]","[-1.5, -0.5, -1.5, -1.5]",False,True,ep250,mapg_ep250,5,6,/home/dongmingwang/project/Expert_RL/mapg_expert_rl/results/run_49/models,0.1
2.588139295578003,200,"[0.9999631024547853, 2.588250160217285, 0.9999631024547853, 0.9999631024547853]","[-1.0, 1.0, -1.0, -1.0]",False,True,ep250,mapg_ep250,6,7,/home/dongmingwang/project/Expert_RL/mapg_expert_rl/results/run_49/models,0.1
0.9997048196382821,200,"[0.9999262049095705, 0.9999262049095705, 0.9999262049095705, 0.9999262049095705]","[-2.0, -2.0, -2.0, -2.0]",False,True,ep250,mapg_ep250,7,8,/home/dongmingwang/project/Expert_RL/mapg_expert_rl/results/run_49/models,0.1
2.6717333793640137,200,"[0.9999631024547853, 2.671844244003296, 0.9999631024547853, 0.9999631024547853]","[-1.0, 1.0, -1.0, -1.0]",False,True,ep250,mapg_ep250,8,9,/home/dongmingwang/project/Expert_RL/mapg_expert_rl/results/run_49/models,0.1
2.2268787622451782,200,"[0.9999815512273926, 2.2269341945648193, 0.9999815512273926, 0.9999815512273926]","[-0.5, 2.5, -0.5, -0.5]",False,True,ep250,mapg_ep250,9,10,/home/dongmingwang/project/Expert_RL/mapg_expert_rl/results/run_49/models,0.1
0.9997048196382821,200,"[0.9999262049095705, 0.9999262049095705, 0.9999262049095705, 0.9999262049095705]","[-2.0, -2.0, -2.0, -2.0]",False,True,ep250,mapg_ep250,10,11,/home/dongmingwang/project/Expert_RL/mapg_expert_rl/results/run_49/models,0.1
1.1020889282226562,200,"[1.0730792805552483, 0.9999815512273926, 0.9999815512273926, 1.029046544805169]","[0.5, -0.5, -0.5, 1.5]",False,True,ep250,mapg_ep250,11,12,/home/dongmingwang/project/Expert_RL/mapg_expert_rl/results/run_49/models,0.1
1.053640604019165,200,"[0.9999631024547853, 0.9999631024547853, 0.9999631024547853, 1.0537512972950935]","[-1.0, -1.0, -1.0, 1.0]",False,True,ep250,mapg_ep250,12,13,/home/dongmingwang/project/Expert_RL/mapg_expert_rl/results/run_49/models,0.1
0.9997048196382821,200,"[0.9999262049095705, 0.9999262049095705, 0.9999262049095705, 0.9999262049095705]","[-2.0, -2.0, -2.0, -2.0]",False,True,ep250,mapg_ep250,13,14,/home/dongmingwang/project/Expert_RL/mapg_expert_rl/results/run_49/models,0.1
0.9997048196382821,200,"[0.9999262049095705, 0.9999262049095705, 0.9999262049095705, 0.9999262049095705]","[-2.0, -2.0, -2.0, -2.0]",False,True,ep250,mapg_ep250,14,15,/home/dongmingwang/project/Expert_RL/mapg_expert_rl/results/run_49/models,0.1
0.999826299463166,200,"[0.9999446536821779, 0.9999923384239082, 0.9999446536821779, 0.9999446536821779]","[-1.5, -0.5, -1.5, -1.5]",False,True,ep250,mapg_ep250,15,16,/home/dongmingwang/project/Expert_RL/mapg_expert_rl/results/run_49/models,0.1
1.9803391695022583,200,"[0.9999631024547853, 1.9804498553276062, 0.9999631024547853, 0.9999631024547853]","[-1.0, 1.0, -1.0, -1.0]",False,True,ep250,mapg_ep250,16,17,/home/dongmingwang/project/Expert_RL/mapg_expert_rl/results/run_49/models,0.1
1.0016087484546006,200,"[0.9999631024547853, 0.9999631024547853, 0.9999631024547853, 1.0017194410320371]","[-1.0, -1.0, -1.0, 1.0]",False,True,ep250,mapg_ep250,17,18,/home/dongmingwang/project/Expert_RL/mapg_expert_rl/results/run_49/models,0.1
1.3987090289592743,200,"[1.3971774280071259, 0.9999631024547853, 0.9999631024547853, 1.0016053954605013]","[0.0, -1.0, -1.0, 0.0]",False,True,ep250,mapg_ep250,18,19,/home/dongmingwang/project/Expert_RL/mapg_expert_rl/results/run_49/models,0.1
1.0088445106521249,200,"[0.9999631024547853, 0.9999631024547853, 0.9999631024547853, 1.0089552029967308]","[-1.0, -1.0, -1.0, 1.0]",False,True,ep250,mapg_ep250,19,20,/home/dongmingwang/project/Expert_RL/mapg_expert_rl/results/run_49/models,0.1
1.5708559155464172,200,"[1.5708584785461426, 1.000034387503547, 0.9999815512273926, 0.9999815512273926]","[1.5, 0.5, -0.5, -0.5]",False,True,ep250,mapg_ep250,20,21,/home/dongmingwang/project/Expert_RL/mapg_expert_rl/results/run_49/models,0.1
0.9997048196382821,200,"[0.9999262049095705, 0.9999262049095705, 0.9999262049095705, 0.9999262049095705]","[-2.0, -2.0, -2.0, -2.0]",False,True,ep250,mapg_ep250,21,22,/home/dongmingwang/project/Expert_RL/mapg_expert_rl/results/run_49/models,0.1
1.0003983399656136,200,"[0.9999446536821779, 0.9999446536821779, 0.9999446536821779, 1.00056437891908]","[-1.5, -1.5, -1.5, -0.5]",False,True,ep250,mapg_ep250,22,23,/home/dongmingwang/project/Expert_RL/mapg_expert_rl/results/run_49/models,0.1
1.4471064507961273,200,"[1.4471617937088013, 0.9999815512273926, 0.9999815512273926, 0.9999815512273926]","[2.5, -0.5, -0.5, -0.5]",False,True,ep250,mapg_ep250,23,24,/home/dongmingwang/project/Expert_RL/mapg_expert_rl/results/run_49/models,0.1
0.9997048196382821,200,"[0.9999262049095705, 0.9999262049095705, 0.9999262049095705, 0.9999262049095705]","[-2.0, -2.0, -2.0, -2.0]",False,True,ep250,mapg_ep250,24,25,/home/dongmingwang/project/Expert_RL/mapg_expert_rl/results/run_49/models,0.1
0.9997048196382821,200,"[0.9999262049095705, 0.9999262049095705, 0.9999262049095705, 0.9999262049095705]","[-2.0, -2.0, -2.0, -2.0]",False,True,ep250,mapg_ep250,25,26,/home/dongmingwang/project/Expert_RL/mapg_expert_rl/results/run_49/models,0.1
0.9997048196382821,200,"[0.9999262049095705, 0.9999262049095705, 0.9999262049095705, 0.9999262049095705]","[-2.0, -2.0, -2.0, -2.0]",False,True,ep250,mapg_ep250,26,27,/home/dongmingwang/project/Expert_RL/mapg_expert_rl/results/run_49/models,0.1
2.1090123653411865,200,"[0.9999631024547853, 2.1091232299804688, 0.9999631024547853, 0.9999631024547853]","[-1.0, 1.0, -1.0, -1.0]",False,True,ep250,mapg_ep250,27,28,/home/dongmingwang/project/Expert_RL/mapg_expert_rl/results/run_49/models,0.1
0.9997048196382821,200,"[0.9999262049095705, 0.9999262049095705, 0.9999262049095705, 0.9999262049095705]","[-2.0, -2.0, -2.0, -2.0]",False,True,ep250,mapg_ep250,28,29,/home/dongmingwang/project/Expert_RL/mapg_expert_rl/results/run_49/models,0.1
1.0016642635455355,200,"[0.9999815512273926, 0.9999815512273926, 0.9999815512273926, 1.0017196098342538]","[-0.5, -0.5, -0.5, 2.5]",False,True,ep250,mapg_ep250,29,30,/home/dongmingwang/project/Expert_RL/mapg_expert_rl/results/run_49/models,0.1
0.9413566082715988,200,"[0.8999446536821779, 0.8999446536821779, 0.9415226481854916, 0.8999446536821779]","[-1.5, -1.5, -0.5, -1.5]",False,True,ep500,mapg_ep500,0,1,/home/dongmingwang/project/Expert_RL/mapg_expert_rl/results/run_50/models,0.1
2.377621793746948,200,"[0.8999815512273927, 2.3776772260665893, 0.8999815512273927, 0.8999815512273927]","[-0.5, 2.5, -0.5, -0.5]",False,True,ep500,mapg_ep500,1,2,/home/dongmingwang/project/Expert_RL/mapg_expert_rl/results/run_50/models,0.1
2.559290909767151,200,"[0.8999815512273927, 2.559346342086792, 0.8999815512273927, 0.8999815512273927]","[-0.5, 2.5, -0.5, -0.5]",False,True,ep500,mapg_ep500,2,3,/home/dongmingwang/project/Expert_RL/mapg_expert_rl/results/run_50/models,0.1
1.7107997179031371,200,"[0.8999815512273927, 1.7108551502227782, 0.8999815512273927, 0.8999815512273927]","[-0.5, 2.5, -0.5, -0.5]",False,True,ep500,mapg_ep500,3,4,/home/dongmingwang/project/Expert_RL/mapg_expert_rl/results/run_50/models,0.1
1.1262088656425475,89,"[0.9, 1.1152522355318069, 0.9, 0.9109566366299987]","[0.0, 3.0, 0.0, 1.0]",True,False,ep500,mapg_ep500,4,5,/home/dongmingwang/project/Expert_RL/mapg_expert_rl/results/run_50/models,0.1
2.4382322072982787,40,"[0.9, 2.302956247329712, 1.0352759599685668, 0.9]","[0.0, 3.0, 1.0, 0.0]",True,False,ep500,mapg_ep500,5,6,/home/dongmingwang/project/Expert_RL/mapg_expert_rl/results/run_50/models,0.1
0.8997048196382821,200,"[0.8999262049095705, 0.8999262049095705, 0.8999262049095705, 0.8999262049095705]","[-2.0, -2.0, -2.0, -2.0]",False,True,ep500,mapg_ep500,6,7,/home/dongmingwang/project/Expert_RL/mapg_expert_rl/results/run_50/models,0.1
1.8069111347198485,138,"[0.9008874296327122, 1.8034178853034972, 0.9, 0.9026057828217745]","[1.0, 2.0, 0.0, 1.0]",True,False,ep500,mapg_ep500,7,8,/home/dongmingwang/project/Expert_RL/mapg_expert_rl/results/run_50/models,0.1
1.814022982120514,138,"[0.9008874296327122, 1.7774875998497008, 0.9, 0.9356479324400425]","[1.0, 2.0, 0.0, 1.0]",True,False,ep500,mapg_ep500,8,9,/home/dongmingwang/project/Expert_RL/mapg_expert_rl/results/run_50/models,0.1
0.9458484105765819,200,"[0.8999446536821779, 0.8999446536821779, 0.9460144504904747, 0.8999446536821779]","[-1.5, -1.5, -0.5, -1.5]",False,True,ep500,mapg_ep500,9,10,/home/dongmingwang/project/Expert_RL/mapg_expert_rl/results/run_50/models,0.1
2.2109843730926513,122,"[1.470816397666931, 1.6350918650627135, 0.9050761136226356, 0.9]","[2.0, 1.0, 1.0, 0.0]",True,False,ep500,mapg_ep500,10,11,/home/dongmingwang/project/Expert_RL/mapg_expert_rl/results/run_50/models,0.1
1.0517957299947738,200,"[1.0143269315361976, 0.8999815512273927, 0.9375056900084019, 0.8999815512273927]","[1.5, -0.5, 0.5, -0.5]",False,True,ep500,mapg_ep500,11,12,/home/dongmingwang/project/Expert_RL/mapg_expert_rl/results/run_50/models,0.1
0.8997048196382821,200,"[0.8999262049095705, 0.8999262049095705, 0.8999262049095705, 0.8999262049095705]","[-2.0, -2.0, -2.0, -2.0]",False,True,ep500,mapg_ep500,12,13,/home/dongmingwang/project/Expert_RL/mapg_expert_rl/results/run_50/models,0.1
1.0628139168024062,200,"[0.8999815512273927, 0.9275932960212231, 1.0352575123310088, 0.8999815512273927]","[-0.5, 1.5, 0.5, -0.5]",False,True,ep500,mapg_ep500,13,14,/home/dongmingwang/project/Expert_RL/mapg_expert_rl/results/run_50/models,0.1
1.3630698561668395,200,"[0.8999446536821779, 1.3632358849048614, 0.8999446536821779, 0.8999446536821779]","[-1.5, -0.5, -1.5, -1.5]",False,True,ep500,mapg_ep500,14,15,/home/dongmingwang/project/Expert_RL/mapg_expert_rl/results/run_50/models,0.1
2.067389154434204,200,"[0.8999631024547853, 2.0675000190734862, 0.8999631024547853, 0.8999631024547853]","[-1.0, 1.0, -1.0, -1.0]",False,True,ep500,mapg_ep500,15,16,/home/dongmingwang/project/Expert_RL/mapg_expert_rl/results/run_50/models,0.1
0.8997048196382821,200,"[0.8999262049095705, 0.8999262049095705, 0.8999262049095705, 0.8999262049095705]","[-2.0, -2.0, -2.0, -2.0]",False,True,ep500,mapg_ep500,16,17,/home/dongmingwang/project/Expert_RL/mapg_expert_rl/results/run_50/models,0.1
1.9517619848251346,61,"[0.9, 1.9056922435760497, 0.9, 0.946069797128439]","[0.0, 3.0, 0.0, 1.0]",True,False,ep500,mapg_ep500,17,18,/home/dongmingwang/project/Expert_RL/mapg_expert_rl/results/run_50/models,0.1
2.2014479875564574,72,"[0.9, 2.1752435207366942, 0.9262045059353113, 0.9]","[0.0, 3.0, 1.0, 0.0]",True,False,ep500,mapg_ep500,18,19,/home/dongmingwang/project/Expert_RL/mapg_expert_rl/results/run_50/models,0.1
0.9715237557888031,200,"[0.8999631024547853, 0.9321353599429131, 0.9394621938467026, 0.8999631024547853]","[-1.0, 0.0, 0.0, -1.0]",False,True,ep500,mapg_ep500,19,20,/home/dongmingwang/project/Expert_RL/mapg_expert_rl/results/run_50/models,0.1
1.9008692741394042,200,"[1.9009801387786864, 0.8999631024547853, 0.8999631024547853, 0.8999631024547853]","[1.0, -1.0, -1.0, -1.0]",False,True,ep500,mapg_ep500,20,21,/home/dongmingwang/project/Expert_RL/mapg_expert_rl/results/run_50/models,0.1
0.8997048196382821,200,"[0.8999262049095705, 0.8999262049095705, 0.8999262049095705, 0.8999262049095705]","[-2.0, -2.0, -2.0, -2.0]",False,True,ep500,mapg_ep500,21,22,/home/dongmingwang/project/Expert_RL/mapg_expert_rl/results/run_50/models,0.1
1.5882359385490417,200,"[0.8999815512273927, 1.5882913708686828, 0.8999815512273927, 0.8999815512273927]","[-0.5, 2.5, -0.5, -0.5]",False,True,ep500,mapg_ep500,22,23,/home/dongmingwang/project/Expert_RL/mapg_expert_rl/results/run_50/models,0.1
2.1130056619644164,83,"[2.08244206905365, 0.9, 0.9305636450648308, 0.9]","[3.0, 0.0, 1.0, 0.0]",True,False,ep500,mapg_ep500,23,24,/home/dongmingwang/project/Expert_RL/mapg_expert_rl/results/run_50/models,0.1
0.963430905342102,116,"[0.9259067695587874, 0.9, 0.9375241376459599, 0.9]","[3.0, 0.0, 1.0, 0.0]",True,False,ep500,mapg_ep500,24,25,/home/dongmingwang/project/Expert_RL/mapg_expert_rl/results/run_50/models,0.1
2.157309556007385,65,"[0.9, 1.9912262201309203, 1.0660833805799483, 0.9]","[0.0, 3.0, 1.0, 0.0]",True,False,ep500,mapg_ep500,25,26,/home/dongmingwang/project/Expert_RL/mapg_expert_rl/results/run_50/models,0.1
1.6080650329589843,200,"[0.8999815512273927, 1.6081204652786254, 0.8999815512273927, 0.8999815512273927]","[-0.5, 2.5, -0.5, -0.5]",False,True,ep500,mapg_ep500,26,27,/home/dongmingwang/project/Expert_RL/mapg_expert_rl/results/run_50/models,0.1
0.8998815407889197,200,"[0.900047579742386, 0.8999446536821779, 0.8999446536821779, 0.8999446536821779]","[-0.5, -1.5, -1.5, -1.5]",False,True,ep500,mapg_ep500,27,28,/home/dongmingwang/project/Expert_RL/mapg_expert_rl/results/run_50/models,0.1
0.9413566082715988,200,"[0.8999446536821779, 0.8999446536821779, 0.8999446536821779, 0.9415226481854916]","[-1.5, -1.5, -1.5, -0.5]",False,True,ep500,mapg_ep500,28,29,/home/dongmingwang/project/Expert_RL/mapg_expert_rl/results/run_50/models,0.1
2.454761409759522,121,"[0.9021224264055491, 2.4526390075683593, 0.9, 0.9]","[1.0, 3.0, 0.0, 0.0]",True,False,ep500,mapg_ep500,29,30,/home/dongmingwang/project/Expert_RL/mapg_expert_rl/results/run_50/models,0.1
1.6307427883148193,200,"[1.6308534741401672, 0.9999631024547853, 0.9999631024547853, 0.9999631024547853]","[1.0, -1.0, -1.0, -1.0]",False,True,ep1500,mapg_ep1500,0,1,/home/dongmingwang/project/Expert_RL/mapg_expert_rl/results/run_52/models,0.1
1.7338653206825256,200,"[0.9999631024547853, 1.5987000465393066, 0.9999631024547853, 1.135239064693451]","[-1.0, 0.0, -1.0, 0.0]",False,True,ep1500,mapg_ep1500,1,2,/home/dongmingwang/project/Expert_RL/mapg_expert_rl/results/run_52/models,0.1
2.671182155609131,200,"[0.9999815512273926, 2.671237587928772, 0.9999815512273926, 0.9999815512273926]","[-0.5, 2.5, -0.5, -0.5]",False,True,ep1500,mapg_ep1500,2,3,/home/dongmingwang/project/Expert_RL/mapg_expert_rl/results/run_52/models,0.1
1.8146470189094543,200,"[0.9999815512273926, 1.7377574443817139, 0.9999815512273926, 1.0769265294075012]","[-0.5, 1.5, -0.5, 0.5]",False,True,ep1500,mapg_ep1500,3,4,/home/dongmingwang/project/Expert_RL/mapg_expert_rl/results/run_52/models,0.1
1.3235583007335663,200,"[0.9999815512273926, 1.3236136436462402, 0.9999815512273926, 0.9999815512273926]","[-0.5, 2.5, -0.5, -0.5]",False,True,ep1500,mapg_ep1500,4,5,/home/dongmingwang/project/Expert_RL/mapg_expert_rl/results/run_52/models,0.1
2.0347312688827515,200,"[0.9999815512273926, 1.9887168407440186, 0.9999815512273926, 1.046051349490881]","[-0.5, 1.5, -0.5, 0.5]",False,True,ep1500,mapg_ep1500,5,6,/home/dongmingwang/project/Expert_RL/mapg_expert_rl/results/run_52/models,0.1
1.0319508723914623,200,"[0.9999446536821779, 0.9999446536821779, 0.9999446536821779, 1.032116912305355]","[-1.5, -1.5, -1.5, -0.5]",False,True,ep1500,mapg_ep1500,6,7,/home/dongmingwang/project/Expert_RL/mapg_expert_rl/results/run_52/models,0.1
2.1090123653411865,200,"[0.9999631024547853, 2.1091232299804688, 0.9999631024547853, 0.9999631024547853]","[-1.0, 1.0, -1.0, -1.0]",False,True,ep1500,mapg_ep1500,7,8,/home/dongmingwang/project/Expert_RL/mapg_expert_rl/results/run_52/models,0.1
2.6837023496627808,57,"[1.0, 2.627140760421753, 1.0, 1.0565616264939308]","[0.0, 3.0, 0.0, 1.0]",True,False,ep1500,mapg_ep1500,8,9,/home/dongmingwang/project/Expert_RL/mapg_expert_rl/results/run_52/models,0.1
1.1543220579624176,200,"[1.130727842450142, 0.9999815512273926, 0.9999815512273926, 1.023631116375327]","[1.5, -0.5, -0.5, 0.5]",False,True,ep1500,mapg_ep1500,9,10,/home/dongmingwang/project/Expert_RL/mapg_expert_rl/results/run_52/models,0.1
1.8294125199317932,200,"[0.9999631024547853, 1.8295232057571411, 0.9999631024547853, 0.9999631024547853]","[-1.0, 1.0, -1.0, -1.0]",False,True,ep1500,mapg_ep1500,10,11,/home/dongmingwang/project/Expert_RL/mapg_expert_rl/results/run_52/models,0.1
1.396992951631546,200,"[1.3971589803695679, 0.9999446536821779, 0.9999446536821779, 0.9999446536821779]","[-0.5, -1.5, -1.5, -1.5]",False,True,ep1500,mapg_ep1500,11,12,/home/dongmingwang/project/Expert_RL/mapg_expert_rl/results/run_52/models,0.1
1.1218651682138443,200,"[0.9999446536821779, 0.9999446536821779, 0.9999446536821779, 1.1220312044024467]","[-1.5, -1.5, -1.5, -0.5]",False,True,ep1500,mapg_ep1500,12,13,/home/dongmingwang/project/Expert_RL/mapg_expert_rl/results/run_52/models,0.1
1.0082566505298018,200,"[0.9999446536821779, 1.0084226904436946, 0.9999446536821779, 0.9999446536821779]","[-1.5, -0.5, -1.5, -1.5]",False,True,ep1500,mapg_ep1500,13,14,/home/dongmingwang/project/Expert_RL/mapg_expert_rl/results/run_52/models,0.1
2.2868717908859253,200,"[0.9999815512273926, 2.1767441034317017, 1.1101646646857262, 0.9999815512273926]","[-0.5, 1.5, 0.5, -0.5]",False,True,ep1500,mapg_ep1500,14,15,/home/dongmingwang/project/Expert_RL/mapg_expert_rl/results/run_52/models,0.1
1.540138602256775,200,"[0.9999446536821779, 1.540304720401764, 0.9999446536821779, 0.9999446536821779]","[-1.5, -0.5, -1.5, -1.5]",False,True,ep1500,mapg_ep1500,15,16,/home/dongmingwang/project/Expert_RL/mapg_expert_rl/results/run_52/models,0.1
0.9997048196382821,200,"[0.9999262049095705, 0.9999262049095705, 0.9999262049095705, 0.9999262049095705]","[-2.0, -2.0, -2.0, -2.0]",False,True,ep1500,mapg_ep1500,16,17,/home/dongmingwang/project/Expert_RL/mapg_expert_rl/results/run_52/models,0.1
2.235924243927002,200,"[0.9999815512273926, 2.235979676246643, 0.9999815512273926, 0.9999815512273926]","[-0.5, 2.5, -0.5, -0.5]",False,True,ep1500,mapg_ep1500,17,18,/home/dongmingwang/project/Expert_RL/mapg_expert_rl/results/run_52/models,0.1
2.221058487892151,51,"[1.2503440976142883, 1.8937695026397705, 1.0, 1.0769449770450592]","[1.0, 2.0, 0.0, 1.0]",True,False,ep1500,mapg_ep1500,18,19,/home/dongmingwang/project/Expert_RL/mapg_expert_rl/results/run_52/models,0.1
1.1044525727629662,200,"[0.9999446536821779, 0.9999446536821779, 0.9999446536821779, 1.1046186089515686]","[-1.5, -1.5, -1.5, -0.5]",False,True,ep1500,mapg_ep1500,19,20,/home/dongmingwang/project/Expert_RL/mapg_expert_rl/results/run_52/models,0.1
1.4404267072677612,200,"[1.4405373930931091, 0.9999631024547853, 0.9999631024547853, 0.9999631024547853]","[1.0, -1.0, -1.0, -1.0]",False,True,ep1500,mapg_ep1500,20,21,/home/dongmingwang/project/Expert_RL/mapg_expert_rl/results/run_52/models,0.1
1.0000808392069302,200,"[1.0002468781603966, 0.9999446536821779, 0.9999446536821779, 0.9999446536821779]","[-0.5, -1.5, -1.5, -1.5]",False,True,ep1500,mapg_ep1500,21,22,/home/dongmingwang/project/Expert_RL/mapg_expert_rl/results/run_52/models,0.1
1.0413566082715988,200,"[0.9999446536821779, 0.9999446536821779, 0.9999446536821779, 1.0415226481854916]","[-1.5, -1.5, -1.5, -0.5]",False,True,ep1500,mapg_ep1500,22,23,/home/dongmingwang/project/Expert_RL/mapg_expert_rl/results/run_52/models,0.1
1.0728763565421104,200,"[1.0730423852801323, 0.9999446536821779, 0.9999446536821779, 0.9999446536821779]","[-0.5, -1.5, -1.5, -1.5]",False,True,ep1500,mapg_ep1500,23,24,/home/dongmingwang/project/Expert_RL/mapg_expert_rl/results/run_52/models,0.1
1.1113700941205025,200,"[1.1114254370331764, 0.9999815512273926, 0.9999815512273926, 0.9999815512273926]","[2.5, -0.5, -0.5, -0.5]",False,True,ep1500,mapg_ep1500,24,25,/home/dongmingwang/project/Expert_RL/mapg_expert_rl/results/run_52/models,0.1
1.1658619940280914,200,"[0.9999446536821779, 0.9999446536821779, 0.9999446536821779, 1.1660280376672745]","[-1.5, -1.5, -1.5, -0.5]",False,True,ep1500,mapg_ep1500,25,26,/home/dongmingwang/project/Expert_RL/mapg_expert_rl/results/run_52/models,0.1
1.8123095631599426,200,"[0.9999815512273926, 1.8123649954795837, 0.9999815512273926, 0.9999815512273926]","[-0.5, 2.5, -0.5, -0.5]",False,True,ep1500,mapg_ep1500,26,27,/home/dongmingwang/project/Expert_RL/mapg_expert_rl/results/run_52/models,0.1
1.1099617332220078,200,"[0.9999446536821779, 0.9999446536821779, 0.9999446536821779, 1.1101277694106102]","[-1.5, -1.5, -1.5, -0.5]",False,True,ep1500,mapg_ep1500,27,28,/home/dongmingwang/project/Expert_RL/mapg_expert_rl/results/run_52/models,0.1
2.1768499612808228,68,"[1.0, 2.144677758216858, 1.0, 1.0321722589433193]","[0.0, 3.0, 0.0, 1.0]",True,False,ep1500,mapg_ep1500,28,29,/home/dongmingwang/project/Expert_RL/mapg_expert_rl/results/run_52/models,0.1
2.630885362625122,200,"[0.9999815512273926, 2.630940794944763, 0.9999815512273926, 0.9999815512273926]","[-0.5, 2.5, -0.5, -0.5]",False,True,ep1500,mapg_ep1500,29,30,/home/dongmingwang/project/Expert_RL/mapg_expert_rl/results/run_52/models,0.1
